PK_Fecha,PK_Localidad,Tasa_Mortalidad_Total,Tasa_Mortalidad_Hombres,Tasa_Mortalidad_Mujeres,Tasa_Total_100k,Tasa_Hombres_100k,Tasa_Mujeres_100k
202001,1.0,2.488378494810953e-05,4.4325820106825223e-05,6.113478385797167e-06,2.488378494810953,4.4325820106825224,0.6113478385797168
202001,2.0,1.042815392998016e-05,1.1031135379608946e-05,9.887676000632811e-06,1.0428153929980162,1.1031135379608947,0.9887676000632811
202001,3.0,2.1968554402259514e-05,2.185909626547276e-05,2.2069858458641085e-05,2.1968554402259515,2.185909626547276,2.2069858458641085
202001,4.0,3.5877299635247456e-05,1.6326530612244897e-05,5.453624712710841e-05,3.5877299635247457,1.6326530612244896,5.453624712710841
202001,5.0,2.751609691669627e-05,2.5828580874452434e-05,2.910050343870949e-05,2.751609691669627,2.5828580874452434,2.910050343870949
202001,6.0,2.1425663659931866e-05,2.4437330466019892e-05,1.873232137170545e-05,2.1425663659931864,2.4437330466019893,1.8732321371705452
202001,7.0,2.862904452353218e-05,4.2672377006571545e-05,1.6606054567495308e-05,2.862904452353218,4.267237700657154,1.6606054567495308
202001,8.0,2.8690587661482364e-05,3.195075323900761e-05,2.55608040406519e-05,2.8690587661482363,3.195075323900761,2.5560804040651903
202002,1.0,2.488378494810953e-05,3.166130007630373e-05,1.8340435157391502e-05,2.488378494810953,3.166130007630373,1.8340435157391501
202002,2.0,3.389150027243552e-05,4.4124541518435785e-05,2.471919000158203e-05,3.389150027243552,4.412454151843579,2.471919000158203
202002,3.0,1.7192781706116142e-05,1.78847151262959e-05,1.6552393843980815e-05,1.7192781706116143,1.7884715126295898,1.6552393843980815
202002,4.0,2.790456638297024e-05,4.0816326530612245e-05,1.5581784893459545e-05,2.790456638297024,4.081632653061225,1.5581784893459545
202002,5.0,3.251902362882286e-05,3.616001322423341e-05,2.910050343870949e-05,3.2519023628822863,3.6160013224233407,2.910050343870949
202002,6.0,2.6370047581454605e-05,2.61828540707356e-05,2.6537455276582724e-05,2.6370047581454603,2.61828540707356,2.6537455276582724
202002,7.0,1.789315282720761e-05,1.9396535002987067e-05,1.6606054567495308e-05,1.7893152827207612,1.9396535002987068,1.6606054567495308
202002,8.0,2.347411717757648e-05,2.6625627699173008e-05,2.0448643232521522e-05,2.347411717757648,2.662562769917301,2.044864323252152
202003,1.0,3.110473118513692e-05,3.166130007630373e-05,3.0567391928985835e-05,3.110473118513692,3.166130007630373,3.0567391928985836
202003,2.0,1.042815392998016e-05,1.654670306941342e-05,4.9438380003164055e-06,1.0428153929980162,1.6546703069413418,0.49438380003164056
202003,3.0,2.101339986303084e-05,2.782066797423806e-05,1.471323897242739e-05,2.101339986303084,2.782066797423806,1.471323897242739
202003,4.0,2.3918199756831634e-05,4.0816326530612245e-05,7.790892446729772e-06,2.3918199756831635,4.081632653061225,0.7790892446729772
202003,5.0,1.751024349244308e-05,2.0662864699561946e-05,1.4550251719354744e-05,1.751024349244308,2.0662864699561947,1.4550251719354745
202003,6.0,2.1425663659931866e-05,3.141942488488272e-05,1.2488214247803636e-05,2.1425663659931864,3.1419424884882723,1.2488214247803635
202003,7.0,7.157261130883045e-06,7.758614001194827e-06,6.642421826998124e-06,0.7157261130883045,0.7758614001194827,0.6642421826998124
202003,8.0,3.1298822903435305e-05,3.7275878778842214e-05,2.55608040406519e-05,3.1298822903435304,3.7275878778842215,2.5560804040651903
202004,1.0,2.0218075270338995e-05,1.899678004578224e-05,2.1397174350290084e-05,2.0218075270338995,1.8996780045782238,2.1397174350290085
202004,2.0,2.346334634245536e-05,2.7577838449022366e-05,1.9775352001265622e-05,2.3463346342455362,2.7577838449022365,1.9775352001265623
202004,3.0,1.910309078457349e-05,2.9807858543826494e-05,9.195774357767118e-06,1.9103090784573489,2.9807858543826495,0.9195774357767118
202004,4.0,1.1959099878415817e-05,1.6326530612244897e-05,7.790892446729772e-06,1.1959099878415818,1.6326530612244896,0.7790892446729772
202004,5.0,3.0017560272759564e-05,4.132572939912389e-05,1.9400335625806326e-05,3.0017560272759565,4.132572939912389,1.9400335625806326
202004,6.0,1.3185023790727302e-05,1.3964188837725652e-05,1.2488214247803636e-05,1.3185023790727302,1.3964188837725653,1.2488214247803635
202004,7.0,2.1471783392649136e-05,1.9396535002987067e-05,2.3248476394493432e-05,2.1471783392649137,1.9396535002987068,2.3248476394493434
202004,8.0,3.6515293387341194e-05,5.3251255398346015e-05,2.0448643232521522e-05,3.6515293387341194,5.325125539834602,2.044864323252152
202005,1.0,3.110473118513692e-05,4.4325820106825223e-05,1.8340435157391502e-05,3.110473118513692,4.4325820106825224,1.8340435157391501
202005,2.0,2.8677423307445442e-05,3.8608973828631314e-05,1.9775352001265622e-05,2.867742330744544,3.8608973828631314,1.9775352001265623
202005,3.0,2.7699481637631562e-05,3.7756620822180226e-05,1.8391548715534236e-05,2.7699481637631562,3.7756620822180227,1.8391548715534236
202005,4.0,7.972733252277213e-06,1.6326530612244897e-05,0.0,0.7972733252277212,1.6326530612244896,0.0
202005,5.0,2.0011706848506375e-05,3.099429704934292e-05,9.700167812903163e-06,2.0011706848506376,3.099429704934292,0.9700167812903163
202005,6.0,1.4833151764568215e-05,2.2691806861304187e-05,7.805133904877272e-06,1.4833151764568215,2.2691806861304187,0.7805133904877273
202005,7.0,1.2525206979045329e-05,1.5517228002389654e-05,9.963632740497185e-06,1.252520697904533,1.5517228002389654,0.9963632740497185
202005,8.0,2.6082352419529423e-05,3.195075323900761e-05,2.0448643232521522e-05,2.608235241952942,3.195075323900761,2.044864323252152
202006,1.0,2.7994258066623223e-05,3.482743008393411e-05,2.1397174350290084e-05,2.799425806662322,3.4827430083934106,2.1397174350290085
202006,2.0,2.8677423307445442e-05,4.9640109208240255e-05,9.887676000632811e-06,2.867742330744544,4.964010920824026,0.9887676000632811
202006,3.0,2.6744327098402885e-05,3.7756620822180226e-05,1.6552393843980815e-05,2.6744327098402887,3.7756620822180227,1.6552393843980815
202006,4.0,3.986366626138606e-05,6.530612244897959e-05,1.5581784893459545e-05,3.986366626138606,6.530612244897958,1.5581784893459545
202006,5.0,3.251902362882286e-05,4.132572939912389e-05,2.425041953225791e-05,3.2519023628822863,4.132572939912389,2.425041953225791
202006,6.0,2.224972764685232e-05,2.4437330466019892e-05,2.0293348152680906e-05,2.224972764685232,2.4437330466019893,2.029334815268091
202006,7.0,2.3261098675369897e-05,3.491376300537672e-05,1.3284843653996247e-05,2.3261098675369896,3.491376300537672,1.3284843653996248
202006,8.0,4.1731763871247076e-05,5.3251255398346015e-05,3.0672964848782285e-05,4.173176387124707,5.325125539834602,3.0672964848782285
202007,1.0,5.1322806455475913e-05,6.332260015260746e-05,3.9737609507681586e-05,5.132280645547591,6.332260015260746,3.9737609507681584
202007,2.0,2.6070384824950402e-05,3.8608973828631314e-05,1.4831514000949217e-05,2.60703848249504,3.8608973828631314,1.4831514000949217
202007,3.0,3.056494525531758e-05,2.9807858543826494e-05,3.12656328164082e-05,3.0564945255317584,2.9807858543826495,3.12656328164082
202007,4.0,2.3918199756831634e-05,3.265306122448979e-05,1.5581784893459545e-05,2.3918199756831635,3.265306122448979,1.5581784893459545
202007,5.0,4.5026340409139345e-05,5.6822877923795354e-05,3.395058734516107e-05,4.502634040913935,5.682287792379535,3.395058734516107
202007,6.0,2.307379163377278e-05,2.7928377675451305e-05,1.873232137170545e-05,2.307379163377278,2.7928377675451306,1.8732321371705452
202007,7.0,1.9682468109928372e-05,1.9396535002987067e-05,1.992726548099437e-05,1.9682468109928373,1.9396535002987068,1.992726548099437
202007,8.0,3.912352862929413e-05,5.857638093818062e-05,2.0448643232521522e-05,3.912352862929413,5.857638093818062,2.044864323252152
202008,1.0,3.265996774439376e-05,3.799356009156448e-05,2.7510652736087253e-05,3.265996774439376,3.7993560091564476,2.751065273608725
202008,2.0,2.346334634245536e-05,2.7577838449022366e-05,1.9775352001265622e-05,2.3463346342455362,2.7577838449022365,1.9775352001265623
202008,3.0,3.4385563412232284e-05,4.371819253094552e-05,2.574816820174793e-05,3.4385563412232285,4.371819253094552,2.574816820174793
202008,4.0,2.790456638297024e-05,4.89795918367347e-05,7.790892446729772e-06,2.790456638297024,4.8979591836734695,0.7790892446729772
202008,5.0,4.252487705307605e-05,5.6822877923795354e-05,2.910050343870949e-05,4.252487705307605,5.682287792379535,2.910050343870949
202008,6.0,2.6370047581454605e-05,2.4437330466019892e-05,2.809848205755818e-05,2.6370047581454603,2.4437330466019893,2.809848205755818
202008,7.0,2.1471783392649136e-05,3.8793070005974134e-05,6.642421826998124e-06,2.1471783392649137,3.8793070005974135,0.6642421826998124
202008,8.0,3.6515293387341194e-05,3.195075323900761e-05,4.0897286465043044e-05,3.6515293387341194,3.195075323900761,4.089728646504304
202009,1.0,3.421520430365061e-05,5.3824210129716346e-05,1.5283695964492917e-05,3.4215204303650606,5.382421012971634,1.5283695964492918
202009,2.0,2.346334634245536e-05,4.4124541518435785e-05,4.9438380003164055e-06,2.3463346342455362,4.412454151843579,0.49438380003164056
202009,3.0,2.4834018019945538e-05,3.378223968300336e-05,1.6552393843980815e-05,2.4834018019945536,3.378223968300336,1.6552393843980815
202009,4.0,1.5945466504554425e-05,3.265306122448979e-05,0.0,1.5945466504554424,3.265306122448979,0.0
202009,5.0,3.752195034094946e-05,4.6491445574014384e-05,2.910050343870949e-05,3.752195034094946,4.6491445574014385,2.910050343870949
202009,6.0,2.224972764685232e-05,2.2691806861304187e-05,2.185437493365636e-05,2.224972764685232,2.2691806861304187,2.185437493365636
202009,7.0,5.367945848162284e-06,7.758614001194827e-06,3.321210913499062e-06,0.5367945848162284,0.7758614001194827,0.3321210913499062
202009,8.0,1.3041176209764712e-05,1.5975376619503805e-05,1.0224321616260761e-05,1.304117620976471,1.5975376619503805,1.022432161626076
202010,1.0,4.354662365919168e-05,5.3824210129716346e-05,3.3624131121884416e-05,4.354662365919168,5.382421012971634,3.3624131121884417
202010,2.0,2.6070384824950402e-05,2.7577838449022366e-05,2.471919000158203e-05,2.60703848249504,2.7577838449022365,2.471919000158203
202010,3.0,2.6744327098402885e-05,2.9807858543826494e-05,2.390901333019451e-05,2.6744327098402887,2.9807858543826495,2.390901333019451
202010,4.0,3.5877299635247456e-05,4.0816326530612245e-05,3.116356978691909e-05,3.5877299635247457,4.081632653061225,3.116356978691909
202010,5.0,2.751609691669627e-05,2.0662864699561946e-05,3.395058734516107e-05,2.751609691669627,2.0662864699561947,3.395058734516107
202010,6.0,1.8953471699170497e-05,3.316494848959842e-05,6.244107123901818e-06,1.8953471699170497,3.3164948489598425,0.6244107123901818
202010,7.0,1.431452226176609e-05,1.163792100179224e-05,1.6606054567495308e-05,1.431452226176609,1.163792100179224,1.6606054567495308
202010,8.0,2.8690587661482364e-05,3.195075323900761e-05,2.55608040406519e-05,2.8690587661482363,3.195075323900761,2.5560804040651903
202011,1.0,2.643902150736638e-05,2.849517006867336e-05,2.445391354318867e-05,2.643902150736638,2.849517006867336,2.445391354318867
202011,2.0,3.389150027243552e-05,6.618681227765367e-05,4.9438380003164055e-06,3.389150027243552,6.618681227765367,0.49438380003164056
202011,3.0,2.3878863480716864e-05,3.57694302525918e-05,1.2874084100873966e-05,2.3878863480716865,3.5769430252591796,1.2874084100873966
202011,4.0,2.3918199756831634e-05,3.265306122448979e-05,1.5581784893459545e-05,2.3918199756831635,3.265306122448979,1.5581784893459545
202011,5.0,2.501463356063297e-05,3.616001322423341e-05,1.4550251719354744e-05,2.5014633560632973,3.6160013224233407,1.4550251719354745
202011,6.0,1.9777535686090955e-05,1.7455236047157066e-05,2.185437493365636e-05,1.9777535686090955,1.7455236047157066,2.185437493365636
202011,7.0,2.3261098675369897e-05,1.9396535002987067e-05,2.6569687307992494e-05,2.3261098675369896,1.9396535002987068,2.6569687307992496
202011,8.0,3.1298822903435305e-05,4.260100431867681e-05,2.0448643232521522e-05,3.1298822903435304,4.260100431867682,2.044864323252152
202012,1.0,3.421520430365061e-05,3.799356009156448e-05,3.0567391928985835e-05,3.4215204303650606,3.7993560091564476,3.0567391928985836
202012,2.0,1.564223089497024e-05,2.7577838449022366e-05,4.9438380003164055e-06,1.5642230894970242,2.7577838449022365,0.49438380003164056
202012,3.0,3.4385563412232284e-05,3.57694302525918e-05,3.310478768796163e-05,3.4385563412232285,3.5769430252591796,3.310478768796163
202012,4.0,3.986366626138606e-05,2.448979591836735e-05,5.453624712710841e-05,3.986366626138606,2.4489795918367347,5.453624712710841
202012,5.0,3.0017560272759564e-05,3.616001322423341e-05,2.425041953225791e-05,3.0017560272759565,3.6160013224233407,2.425041953225791
202012,6.0,2.554598359453415e-05,3.665599569902984e-05,1.5610267809754544e-05,2.554598359453415,3.6655995699029837,1.5610267809754546
202012,7.0,1.789315282720761e-05,3.103445600477931e-05,6.642421826998124e-06,1.7893152827207612,3.1034456004779307,0.6642421826998124
202012,8.0,3.1298822903435305e-05,1.5975376619503805e-05,4.600944727317343e-05,3.1298822903435304,1.5975376619503805,4.6009447273173425
202101,1.0,3.831223861475205e-05,4.3685700110150374e-05,3.312634387554132e-05,3.831223861475205,4.368570011015038,3.312634387554132
202101,2.0,3.607838286379895e-05,4.3648585240230904e-05,2.9302311952413044e-05,3.607838286379895,4.364858524023091,2.9302311952413045
202101,3.0,3.2982089782902464e-05,4.509202694542688e-05,2.1774079410067608e-05,3.2982089782902464,4.509202694542688,2.1774079410067606
202101,4.0,3.568016301870037e-05,6.48760866744518e-05,7.756206904575387e-06,3.568016301870037,6.48760866744518,0.7756206904575387
202101,5.0,4.2357994822358044e-05,3.0902189420120414e-05,5.309392798532677e-05,4.235799482235804,3.0902189420120414,5.309392798532676
202101,6.0,2.51980280510951e-05,3.0918325807011244e-05,2.005937575222659e-05,2.51980280510951,3.091832580701124,2.005937575222659
202101,7.0,2.9954363645974662e-05,4.586910486441857e-05,1.6344355966997477e-05,2.995436364597466,4.586910486441857,1.6344355966997477
202101,8.0,4.372585432603026e-05,6.835449693719273e-05,2.0140885494030745e-05,4.372585432603026,6.835449693719274,2.0140885494030742
202102,1.0,3.524725952557189e-05,4.68061072608754e-05,2.4091886454939137e-05,3.524725952557189,4.68061072608754,2.4091886454939138
202102,2.0,1.8039191431899474e-05,3.819251208520204e-05,0.0,1.8039191431899475,3.8192512085202037,0.0
202102,3.0,2.9212708093427894e-05,3.921045821341468e-05,1.9959572792561974e-05,2.9212708093427895,3.921045821341468,1.9959572792561975
202102,4.0,1.5857850230533497e-05,2.4328532502919423e-05,7.756206904575387e-06,1.5857850230533497,2.4328532502919424,0.7756206904575387
202102,5.0,2.9899761051076268e-05,3.605255432347382e-05,2.4133603629693987e-05,2.9899761051076266,3.605255432347382,2.4133603629693985
202102,6.0,1.9508150749234913e-05,2.4047586738786526e-05,1.5430289040174302e-05,1.9508150749234914,2.4047586738786526,1.54302890401743
202102,7.0,1.5858192518457173e-05,1.911212702684107e-05,1.307548477359798e-05,1.5858192518457173,1.9112127026841073,1.307548477359798
202102,8.0,2.57210907800178e-05,2.6290191129689513e-05,2.517610686753843e-05,2.57210907800178,2.629019112968951,2.517610686753843
202103,1.0,3.831223861475205e-05,3.744488580870032e-05,3.9149315489276096e-05,3.831223861475205,3.744488580870032,3.9149315489276098
202103,2.0,2.5770273474142107e-05,4.3648585240230904e-05,9.767437317471015e-06,2.577027347414211,4.364858524023091,0.9767437317471015
202103,3.0,1.7904563025004192e-05,2.5486797838719542e-05,1.0887039705033804e-05,1.7904563025004192,2.5486797838719544,1.0887039705033803
202103,4.0,3.1715700461066995e-05,4.8657065005838845e-05,1.5512413809150774e-05,3.1715700461066993,4.865706500583885,1.5512413809150774
202103,5.0,2.7408114296819912e-05,3.0902189420120414e-05,2.4133603629693987e-05,2.740811429681991,3.0902189420120414,2.4133603629693985
202103,6.0,2.194666959288928e-05,3.263601057406742e-05,1.2344231232139441e-05,2.194666959288928,3.2636010574067424,1.2344231232139442
202103,7.0,1.762021390939686e-05,3.0579403242945714e-05,6.53774238679899e-06,1.762021390939686,3.0579403242945715,0.653774238679899
202103,8.0,3.086530893602136e-05,4.7322344033441125e-05,1.510566412052306e-05,3.086530893602136,4.732234403344113,1.510566412052306
202104,1.0,3.9844728159342135e-05,4.68061072608754e-05,3.312634387554132e-05,3.9844728159342133,4.68061072608754,3.312634387554132
202104,2.0,1.2885136737071054e-05,2.1824292620115452e-05,4.8837186587355076e-06,1.2885136737071055,2.1824292620115453,0.48837186587355075
202104,3.0,2.732801724869061e-05,4.117098112408542e-05,1.4516052940045073e-05,2.732801724869061,4.1170981124085415,1.4516052940045072
202104,4.0,1.1893387672900124e-05,2.4328532502919423e-05,0.0,1.1893387672900124,2.4328532502919424,0.0
202104,5.0,4.48496415766144e-05,6.180437884024083e-05,2.8960324355632783e-05,4.48496415766144,6.180437884024083,2.8960324355632783
202104,6.0,1.7882471520132004e-05,2.5765271505842705e-05,1.080120232812201e-05,1.7882471520132004,2.5765271505842704,1.080120232812201
202104,7.0,2.1144256691276233e-05,2.67569778375775e-05,1.6344355966997477e-05,2.1144256691276233,2.67569778375775,1.6344355966997477
202104,8.0,3.600952709202492e-05,4.206430580750322e-05,3.021132824104612e-05,3.600952709202492,4.206430580750322,3.021132824104612
202105,1.0,3.677974907016197e-05,4.992651441160042e-05,2.4091886454939137e-05,3.677974907016197,4.992651441160042,2.4091886454939138
202105,2.0,2.834730082155632e-05,4.910465839525976e-05,9.767437317471015e-06,2.834730082155632,4.910465839525976,0.9767437317471015
202105,3.0,2.638567182632197e-05,3.724993530274395e-05,1.6330559557550707e-05,2.638567182632197,3.7249935302743946,1.6330559557550706
202105,4.0,2.775123790343362e-05,4.0547554171532377e-05,1.5512413809150774e-05,2.775123790343362,4.054755417153237,1.5512413809150774
202105,5.0,5.4816228593639824e-05,6.695474374359423e-05,4.3440486533449174e-05,5.481622859363982,6.6954743743594225,4.344048653344918
202105,6.0,2.2759509207440733e-05,3.950674964229215e-05,7.715144520087151e-06,2.2759509207440733,3.950674964229215,0.771514452008715
202105,7.0,2.4668299473155606e-05,4.586910486441857e-05,6.53774238679899e-06,2.4668299473155604,4.586910486441857,0.653774238679899
202105,8.0,6.687483602804628e-05,4.206430580750322e-05,9.063398472313836e-05,6.687483602804628,4.206430580750322,9.063398472313835
202106,1.0,5.97670922390132e-05,7.801017876812566e-05,4.216080129614349e-05,5.97670922390132,7.801017876812566,4.216080129614348
202106,2.0,3.350135551638474e-05,6.547287786034635e-05,4.8837186587355076e-06,3.350135551638474,6.547287786034635,0.48837186587355075
202106,3.0,4.6174925696063445e-05,7.646039351615863e-05,1.814506617505634e-05,4.617492569606345,7.646039351615864,1.8145066175056341
202106,4.0,5.153801324923387e-05,8.109510834306475e-05,2.326862071372616e-05,5.153801324923387,8.109510834306475,2.326862071372616
202106,5.0,4.48496415766144e-05,6.695474374359423e-05,2.4133603629693987e-05,4.48496415766144,6.6954743743594225,2.4133603629693985
202106,6.0,3.332642419660965e-05,4.294211917640451e-05,2.4688462464278882e-05,3.332642419660965,4.2942119176404505,2.4688462464278884
202106,7.0,3.524042781879372e-05,6.880365729662785e-05,6.53774238679899e-06,3.524042781879372,6.880365729662785,0.653774238679899
202106,8.0,5.9158508794040934e-05,6.835449693719273e-05,5.035221373507686e-05,5.915850879404093,6.835449693719274,5.035221373507686
202107,1.0,4.444219679311238e-05,5.3046921562325454e-05,3.613782968240871e-05,4.444219679311238,5.304692156232545,3.613782968240871
202107,2.0,1.0308109389656843e-05,1.0912146310057726e-05,9.767437317471015e-06,1.0308109389656843,1.0912146310057727,0.9767437317471015
202107,3.0,3.486678062763975e-05,4.901307276676835e-05,2.1774079410067608e-05,3.486678062763975,4.901307276676835,2.1774079410067606
202107,4.0,2.3786775345800248e-05,4.0547554171532377e-05,7.756206904575387e-06,2.378677534580025,4.054755417153237,0.7756206904575387
202107,5.0,4.2357994822358044e-05,5.150364903353403e-05,3.378704508157158e-05,4.235799482235804,5.1503649033534025,3.378704508157158
202107,6.0,2.4385188436543643e-05,3.263601057406742e-05,1.697331794419173e-05,2.4385188436543643,3.2636010574067424,1.6973317944191733
202107,7.0,2.643032086409529e-05,3.4401828648313925e-05,1.9613227160396972e-05,2.6430320864095287,3.4401828648313924,1.961322716039697
202107,8.0,6.944694510604805e-05,6.835449693719273e-05,7.04930992291076e-05,6.944694510604806,6.835449693719274,7.04930992291076
202108,1.0,3.9844728159342135e-05,4.68061072608754e-05,3.312634387554132e-05,3.9844728159342133,4.68061072608754,3.312634387554132
202108,2.0,2.834730082155632e-05,5.456073155028863e-05,4.8837186587355076e-06,2.834730082155632,5.456073155028863,0.48837186587355075
202108,3.0,2.4500980981584687e-05,3.332888948140248e-05,1.6330559557550707e-05,2.4500980981584686,3.3328889481402477,1.6330559557550706
202108,4.0,2.3786775345800248e-05,4.0547554171532377e-05,7.756206904575387e-06,2.378677534580025,4.054755417153237,0.7756206904575387
202108,5.0,2.4916467542563557e-05,3.605255432347382e-05,1.4480162177816392e-05,2.491646754256356,3.605255432347382,1.4480162177816391
202108,6.0,2.2759509207440733e-05,3.263601057406742e-05,1.388726013615687e-05,2.2759509207440733,3.2636010574067424,1.3887260136156871
202108,7.0,1.5858192518457173e-05,2.2934552432209286e-05,9.806613580198486e-06,1.5858192518457173,2.2934552432209285,0.9806613580198486
202108,8.0,5.401429063803738e-05,6.309645871125483e-05,4.531699236156918e-05,5.4014290638037386,6.3096458711254835,4.531699236156918
202109,1.0,1.9922364079671068e-05,2.496325720580021e-05,1.505742903433696e-05,1.9922364079671067,2.496325720580021,1.505742903433696
202109,2.0,2.5770273474142107e-05,3.819251208520204e-05,1.4651155976206522e-05,2.577027347414211,3.8192512085202037,1.4651155976206522
202109,3.0,2.1673944714478762e-05,3.332888948140248e-05,1.0887039705033804e-05,2.167394471447876,3.3328889481402477,1.0887039705033803
202109,4.0,2.3786775345800248e-05,4.0547554171532377e-05,7.756206904575387e-06,2.378677534580025,4.054755417153237,0.7756206904575387
202109,5.0,3.4883054559588975e-05,3.605255432347382e-05,3.378704508157158e-05,3.4883054559588973,3.605255432347382,3.378704508157158
202109,6.0,1.706963190558055e-05,1.2023793369393263e-05,2.160240465624402e-05,1.7069631905580551,1.2023793369393263,2.160240465624402
202109,7.0,1.5858192518457173e-05,1.911212702684107e-05,1.307548477359798e-05,1.5858192518457173,1.9112127026841073,1.307548477359798
202109,8.0,2.057687262401424e-05,5.258038225937902e-06,3.52465496145538e-05,2.057687262401424,0.5258038225937902,3.52465496145538
202110,1.0,3.2182280436391724e-05,4.3685700110150374e-05,2.1080400648071744e-05,3.2182280436391726,4.368570011015038,2.108040064807174
202110,2.0,1.0308109389656843e-05,1.0912146310057726e-05,9.767437317471015e-06,1.0308109389656843,1.0912146310057727,0.9767437317471015
202110,3.0,2.5443326403953328e-05,3.332888948140248e-05,1.814506617505634e-05,2.544332640395333,3.3328889481402477,1.8145066175056341
202110,4.0,2.775123790343362e-05,3.24380433372259e-05,2.326862071372616e-05,2.775123790343362,3.24380433372259,2.326862071372616
202110,5.0,2.4916467542563557e-05,4.120291922682722e-05,9.653441451877595e-06,2.491646754256356,4.120291922682722,0.9653441451877595
202110,6.0,2.194666959288928e-05,2.7482956272898885e-05,1.697331794419173e-05,2.194666959288928,2.7482956272898886,1.6973317944191733
202110,7.0,1.9382235300336546e-05,1.911212702684107e-05,1.9613227160396972e-05,1.9382235300336546,1.9112127026841073,1.961322716039697
202110,8.0,1.28605453900089e-05,1.5774114677813708e-05,1.0070442747015372e-05,1.28605453900089,1.5774114677813709,1.0070442747015371
202111,1.0,2.7584811802621476e-05,3.1204071507250264e-05,2.4091886454939137e-05,2.7584811802621476,3.1204071507250264,2.4091886454939138
202111,2.0,2.0616218779313686e-05,3.273643893017317e-05,9.767437317471015e-06,2.0616218779313686,3.2736438930173173,0.9767437317471015
202111,3.0,2.638567182632197e-05,2.352627492804881e-05,2.9032105880090146e-05,2.638567182632197,2.352627492804881,2.9032105880090144
202111,4.0,2.775123790343362e-05,4.0547554171532377e-05,1.5512413809150774e-05,2.775123790343362,4.054755417153237,1.5512413809150774
202111,5.0,3.4883054559588975e-05,4.120291922682722e-05,2.8960324355632783e-05,3.4883054559588973,4.120291922682722,2.8960324355632783
202111,6.0,1.7882471520132004e-05,2.2329901971730343e-05,1.388726013615687e-05,1.7882471520132004,2.2329901971730344,1.3887260136156871
202111,7.0,2.1144256691276233e-05,3.822425405368214e-05,6.53774238679899e-06,2.1144256691276233,3.8224254053682145,0.653774238679899
202111,8.0,4.372585432603026e-05,5.7838420485316926e-05,3.021132824104612e-05,4.372585432603026,5.783842048531692,3.021132824104612
202112,1.0,3.37147699809818e-05,4.68061072608754e-05,2.1080400648071744e-05,3.37147699809818,4.68061072608754,2.108040064807174
202112,2.0,2.5770273474142107e-05,2.7280365775144314e-05,2.441859329367754e-05,2.577027347414211,2.7280365775144313,2.441859329367754
202112,3.0,2.3558635559216045e-05,2.9407843660061013e-05,1.814506617505634e-05,2.3558635559216046,2.9407843660061013,1.8145066175056341
202112,4.0,1.1893387672900124e-05,1.621902166861295e-05,7.756206904575387e-06,1.1893387672900124,1.621902166861295,0.7756206904575387
202112,5.0,2.24248207883072e-05,2.5751824516767014e-05,1.930688290375519e-05,2.24248207883072,2.5751824516767012,1.930688290375519
202112,6.0,1.9508150749234913e-05,2.7482956272898885e-05,1.2344231232139441e-05,1.9508150749234914,2.7482956272898886,1.2344231232139442
202112,7.0,2.1144256691276233e-05,3.0579403242945714e-05,1.307548477359798e-05,2.1144256691276233,3.0579403242945715,1.307548477359798
202112,8.0,4.372585432603026e-05,4.206430580750322e-05,4.531699236156918e-05,4.372585432603026,4.206430580750322,4.531699236156918
202201,1.0,3.939441690202305e-05,4.936534676070765e-05,2.977271509298019e-05,3.939441690202305,4.936534676070765,2.977271509298019
202201,2.0,2.306148961848609e-05,3.2588681950758505e-05,1.4552651493102043e-05,2.306148961848609,3.2588681950758507,1.4552651493102042
202201,3.0,2.524626799380999e-05,3.1138945868834976e-05,1.979702648662171e-05,2.524626799380999,3.1138945868834975,1.979702648662171
202201,4.0,3.168429765813435e-05,4.863103632738414e-05,1.5490306940432024e-05,3.168429765813435,4.863103632738413,1.5490306940432024
202201,5.0,3.7358039450089656e-05,3.0927675630537984e-05,4.336952279068423e-05,3.7358039450089655,3.0927675630537985,4.336952279068423
202201,6.0,2.340204388609499e-05,2.8908270656234748e-05,1.8429188148189102e-05,2.340204388609499,2.890827065623475,1.8429188148189102
202201,7.0,2.2713533422090835e-05,4.543509785584201e-05,3.244298955660166e-06,2.2713533422090837,4.543509785584201,0.3244298955660166
202201,8.0,2.5453582846321447e-05,2.603895427559629e-05,2.489395176547906e-05,2.5453582846321448,2.603895427559629,2.4893951765479057
202202,1.0,2.878822773609377e-05,3.393867589798651e-05,2.381817207438415e-05,2.878822773609377,3.393867589798651,2.381817207438415
202202,2.0,1.537432641232406e-05,2.7157234958965418e-05,4.850883831034014e-06,1.537432641232406,2.7157234958965417,0.4850883831034014
202202,3.0,2.3376174068342583e-05,2.5300393518428416e-05,2.1596756167223683e-05,2.337617406834258,2.5300393518428415,2.1596756167223683
202202,4.0,2.3763223243600763e-05,4.052586360615345e-05,7.745153470216012e-06,2.376322324360076,4.052586360615345,0.7745153470216012
202202,5.0,2.9886431560071728e-05,3.608228823562765e-05,2.4094179328157904e-05,2.9886431560071727,3.608228823562765,2.4094179328157903
202202,6.0,2.0174175763874992e-05,1.8705351601093073e-05,2.150071950622062e-05,2.017417576387499,1.8705351601093074,2.150071950622062
202202,7.0,2.795511805795795e-05,4.543509785584201e-05,1.2977195822640665e-05,2.795511805795795,4.543509785584201,1.2977195822640664
202202,8.0,2.2908224561689304e-05,1.5623372565357775e-05,2.987274211857487e-05,2.2908224561689305,1.5623372565357776,2.987274211857487
202203,1.0,3.6364077140328975e-05,4.3194678415619194e-05,2.977271509298019e-05,3.6364077140328974,4.319467841561919,2.977271509298019
202203,2.0,2.8186265089260778e-05,5.4314469917930837e-05,4.850883831034014e-06,2.818626508926078,5.431446991793083,0.4850883831034014
202203,3.0,2.7116361919277397e-05,2.919276175203279e-05,2.519621552842763e-05,2.71163619192774,2.919276175203279,2.519621552842763
202203,4.0,3.168429765813435e-05,3.2420690884922756e-05,3.098061388086405e-05,3.168429765813435,3.2420690884922756,3.0980613880864047
202203,5.0,2.9886431560071728e-05,2.5773063025448323e-05,3.373185105942106e-05,2.9886431560071727,2.5773063025448324,3.373185105942106
202203,6.0,1.4525406549989993e-05,1.7004865091902795e-05,1.2286125432126068e-05,1.4525406549989994,1.7004865091902794,1.2286125432126067
202203,7.0,2.0966338543468462e-05,2.2717548927921004e-05,1.9465793733960998e-05,2.0966338543468463,2.2717548927921003,1.9465793733960999
202203,8.0,2.7998941130953594e-05,4.687011769607332e-05,9.957580706191624e-06,2.7998941130953594,4.687011769607333,0.9957580706191623
202204,1.0,3.6364077140328975e-05,6.170668345088456e-05,1.1909086037192076e-05,3.6364077140328974,6.170668345088456,1.1909086037192076
202204,2.0,1.537432641232406e-05,1.6294340975379252e-05,1.4552651493102043e-05,1.537432641232406,1.6294340975379253,1.4552651493102042
202204,3.0,2.7116361919277397e-05,3.1138945868834976e-05,2.3396485847825656e-05,2.71163619192774,3.1138945868834975,2.3396485847825654
202204,4.0,2.7723760450867555e-05,4.052586360615345e-05,1.5490306940432024e-05,2.7723760450867556,4.052586360615345,1.5490306940432024
202204,5.0,3.486750348675035e-05,4.123690084071732e-05,2.8913015193789483e-05,3.486750348675035,4.123690084071732,2.891301519378948
202204,6.0,2.178810982498499e-05,2.8908270656234748e-05,1.5357656790157585e-05,2.1788109824984994,2.890827065623475,1.5357656790157586
202204,7.0,2.4460728300713204e-05,4.1648839701188504e-05,9.732896866980499e-06,2.4460728300713206,4.164883970118851,0.9732896866980499
202204,8.0,2.5453582846321447e-05,3.645453598583481e-05,1.4936371059287435e-05,2.5453582846321448,3.645453598583481,1.4936371059287434
202205,1.0,2.575788797439969e-05,3.085334172544228e-05,2.0840900565086134e-05,2.575788797439969,3.085334172544228,2.0840900565086136
202205,2.0,1.7936714147711405e-05,2.1725787967172335e-05,1.4552651493102043e-05,1.7936714147711406,2.1725787967172336,1.4552651493102042
202205,3.0,2.6181314956543694e-05,3.697749821924153e-05,1.619756712541776e-05,2.6181314956543695,3.697749821924153,1.6197567125417762
202205,4.0,3.168429765813435e-05,4.052586360615345e-05,2.3235460410648036e-05,3.168429765813435,4.052586360615345,2.3235460410648034
202205,5.0,2.4905359633393106e-05,3.608228823562765e-05,1.4456507596894742e-05,2.4905359633393105,3.608228823562765,1.445650759689474
202205,6.0,2.4209010916649988e-05,2.550729763785419e-05,2.3036485185236376e-05,2.420901091664999,2.550729763785419,2.3036485185236377
202205,7.0,2.4460728300713204e-05,2.2717548927921004e-05,2.595439164528133e-05,2.4460728300713206,2.2717548927921003,2.5954391645281327
202205,8.0,3.818037426948217e-05,2.603895427559629e-05,4.978790353095812e-05,3.818037426948217,2.603895427559629,4.978790353095811
202206,1.0,2.575788797439969e-05,3.702401007053074e-05,1.4886357546490095e-05,2.575788797439969,3.7024010070530737,1.4886357546490094
202206,2.0,1.537432641232406e-05,2.1725787967172335e-05,9.701767662068028e-06,1.537432641232406,2.1725787967172336,0.9701767662068028
202206,3.0,3.1791596732945915e-05,3.503131410243935e-05,2.8795674889631578e-05,3.1791596732945915,3.5031314102439346,2.8795674889631577
202206,4.0,3.564483486540114e-05,1.6210345442461378e-05,5.421607429151209e-05,3.564483486540114,1.6210345442461378,5.421607429151209
202206,5.0,4.482964734010759e-05,4.639151344580698e-05,4.336952279068423e-05,4.482964734010759,4.639151344580698,4.336952279068423
202206,6.0,1.9367208733319992e-05,2.0405838110283352e-05,1.8429188148189102e-05,1.9367208733319992,2.040583811028335,1.8429188148189102
202206,7.0,2.6207923179335577e-05,3.0290065237228003e-05,2.2710092689621164e-05,2.620792317933558,3.0290065237228005,2.2710092689621164
202206,8.0,3.563501598485003e-05,4.166232684095407e-05,2.987274211857487e-05,3.5635015984850025,4.166232684095407,2.987274211857487
202207,1.0,2.272754821270561e-05,3.393867589798651e-05,1.1909086037192076e-05,2.272754821270561,3.393867589798651,1.1909086037192076
202207,2.0,1.2811938676936716e-05,2.7157234958965418e-05,0.0,1.2811938676936716,2.7157234958965417,0.0
202207,3.0,2.3376174068342583e-05,2.919276175203279e-05,1.7997296806019734e-05,2.337617406834258,2.919276175203279,1.7997296806019734
202207,4.0,3.168429765813435e-05,4.863103632738414e-05,1.5490306940432024e-05,3.168429765813435,4.863103632738413,1.5490306940432024
202207,5.0,2.7395895596732417e-05,2.5773063025448323e-05,2.8913015193789483e-05,2.7395895596732416,2.5773063025448324,2.891301519378948
202207,6.0,2.5822944977759987e-05,2.3806811128663912e-05,2.7643782222283653e-05,2.5822944977759987,2.3806811128663914,2.7643782222283653
202207,7.0,1.3977559028978975e-05,1.5145032618614002e-05,1.2977195822640665e-05,1.3977559028978974,1.5145032618614003,1.2977195822640664
202207,8.0,2.7998941130953594e-05,3.645453598583481e-05,1.9915161412383247e-05,2.7998941130953594,3.645453598583481,1.9915161412383247
202208,1.0,2.1212378331858568e-05,1.851200503526537e-05,2.381817207438415e-05,2.1212378331858566,1.8512005035265369,2.381817207438415
202208,2.0,1.7936714147711405e-05,1.0862893983586168e-05,2.425441915517007e-05,1.7936714147711406,1.0862893983586168,2.4254419155170073
202208,3.0,2.1506080142875176e-05,1.3623288817615301e-05,2.8795674889631578e-05,2.1506080142875175,1.36232888176153,2.8795674889631577
202208,4.0,1.5842148829067175e-05,3.2420690884922756e-05,0.0,1.5842148829067175,3.2420690884922756,0.0
202208,5.0,2.4905359633393106e-05,3.0927675630537984e-05,1.9275343462526324e-05,2.4905359633393105,3.0927675630537985,1.9275343462526324
202208,6.0,2.0174175763874992e-05,2.8908270656234748e-05,1.2286125432126068e-05,2.017417576387499,2.890827065623475,1.2286125432126067
202208,7.0,1.5724753907601346e-05,2.2717548927921004e-05,9.732896866980499e-06,1.5724753907601345,2.2717548927921003,0.9732896866980499
202208,8.0,2.7998941130953594e-05,2.603895427559629e-05,2.987274211857487e-05,2.7998941130953594,2.603895427559629,2.987274211857487
202209,1.0,2.4242718093552648e-05,2.1597339207809597e-05,2.679544358368217e-05,2.4242718093552647,2.1597339207809596,2.679544358368217
202209,2.0,1.2811938676936716e-05,1.0862893983586168e-05,1.4552651493102043e-05,1.2811938676936716,1.0862893983586168,1.4552651493102042
202209,3.0,2.80514088820111e-05,3.503131410243935e-05,2.1596756167223683e-05,2.80514088820111,3.5031314102439346,2.1596756167223683
202209,4.0,2.3763223243600763e-05,2.431551816369207e-05,2.3235460410648036e-05,2.376322324360076,2.4315518163692067,2.3235460410648034
202209,5.0,2.2414823670053796e-05,3.608228823562765e-05,9.637671731263162e-06,2.2414823670053794,3.608228823562765,0.9637671731263162
202209,6.0,1.6946307641654993e-05,2.550729763785419e-05,9.214594074094551e-06,1.6946307641654992,2.550729763785419,0.9214594074094551
202209,7.0,1.3977559028978975e-05,2.2717548927921004e-05,6.488597911320332e-06,1.3977559028978974,2.2717548927921003,0.6488597911320332
202209,8.0,3.054429941558574e-05,4.687011769607332e-05,1.4936371059287435e-05,3.054429941558574,4.687011769607333,1.4936371059287434
202210,1.0,2.575788797439969e-05,3.085334172544228e-05,2.0840900565086134e-05,2.575788797439969,3.085334172544228,2.0840900565086136
202210,2.0,3.331104056003547e-05,5.4314469917930837e-05,1.4552651493102043e-05,3.3311040560035465,5.431446991793083,1.4552651493102042
202210,3.0,2.7116361919277397e-05,3.308512998563716e-05,2.1596756167223683e-05,2.71163619192774,3.308512998563716,2.1596756167223683
202210,4.0,1.9802686036333967e-05,3.2420690884922756e-05,7.745153470216012e-06,1.9802686036333967,3.2420690884922756,0.7745153470216012
202210,5.0,4.233911137676828e-05,6.700996386616564e-05,1.9275343462526324e-05,4.233911137676828,6.7009963866165645,1.9275343462526324
202210,6.0,1.9367208733319992e-05,2.210632461947363e-05,1.6893422469173342e-05,1.9367208733319992,2.210632461947363,1.6893422469173343
202210,7.0,2.0966338543468462e-05,2.6503807082574505e-05,1.6221494778300832e-05,2.0966338543468463,2.6503807082574506,1.6221494778300831
202210,8.0,1.7817507992425013e-05,2.0831163420477035e-05,1.4936371059287435e-05,1.7817507992425012,2.0831163420477035,1.4936371059287434
202211,1.0,3.030339761694081e-05,2.1597339207809597e-05,3.8704529620874244e-05,3.0303397616940813,2.1597339207809596,3.870452962087424
202211,2.0,1.537432641232406e-05,2.1725787967172335e-05,9.701767662068028e-06,1.537432641232406,2.1725787967172336,0.9701767662068028
202211,3.0,3.2726643695679615e-05,4.670841880325246e-05,1.979702648662171e-05,3.2726643695679614,4.670841880325246,1.979702648662171
202211,4.0,3.168429765813435e-05,3.2420690884922756e-05,3.098061388086405e-05,3.168429765813435,3.2420690884922756,3.0980613880864047
202211,5.0,1.9924287706714485e-05,3.0927675630537984e-05,9.637671731263162e-06,1.9924287706714485,3.0927675630537985,0.9637671731263162
202211,6.0,1.7753274672209993e-05,2.720778414704447e-05,9.214594074094551e-06,1.7753274672209993,2.720778414704447,0.9214594074094551
202211,7.0,1.5724753907601346e-05,2.2717548927921004e-05,9.732896866980499e-06,1.5724753907601345,2.2717548927921003,0.9732896866980499
202211,8.0,2.5453582846321447e-05,4.166232684095407e-05,9.957580706191624e-06,2.5453582846321448,4.166232684095407,0.9957580706191623
202212,1.0,3.333373737863489e-05,4.936534676070765e-05,1.7863629055788113e-05,3.3333737378634893,4.936534676070765,1.7863629055788113
202212,2.0,2.5623877353873432e-05,4.345157593434467e-05,9.701767662068028e-06,2.562387735387343,4.345157593434467,0.9701767662068028
202212,3.0,1.2155610515538143e-05,1.7515657051219674e-05,7.198918722407894e-06,1.2155610515538142,1.7515657051219673,0.7198918722407894
202212,4.0,5.148698369446832e-05,5.6736209048614824e-05,4.647092082129607e-05,5.148698369446832,5.673620904861482,4.647092082129607
202212,5.0,1.9924287706714485e-05,1.5463837815268992e-05,2.4094179328157904e-05,1.9924287706714485,1.5463837815268993,2.4094179328157903
202212,6.0,1.9367208733319992e-05,3.400973018380559e-05,6.143062716063034e-06,1.9367208733319992,3.400973018380559,0.6143062716063034
202212,7.0,1.0483169271734231e-05,1.8931290773267503e-05,3.244298955660166e-06,1.0483169271734232,1.8931290773267504,0.3244298955660166
202212,8.0,2.5453582846321447e-05,3.124674513071555e-05,1.9915161412383247e-05,2.5453582846321448,3.124674513071555,1.9915161412383247
202301,1.0,2.547320219129476e-05,2.745869754244657e-05,2.3556917930642544e-05,2.547320219129476,2.7458697542446573,2.3556917930642545
202301,2.0,5.1084654935927075e-06,1.0834353568294347e-05,0.0,0.5108465493592708,1.0834353568294348,0.0
202301,3.0,2.4182897111073907e-05,2.9040501819871447e-05,1.9691382335039918e-05,2.418289711107391,2.9040501819871447,1.9691382335039918
202301,4.0,3.960443094373399e-05,5.674678772648048e-05,2.323024267860185e-05,3.9604430943733986,5.674678772648048,2.323024267860185
202301,5.0,2.7383210606762158e-05,3.093836047315066e-05,2.406484030571973e-05,2.7383210606762156,3.0938360473150657,2.406484030571973
202301,6.0,1.688033689937149e-05,2.0286821849583358e-05,1.3792384764625291e-05,1.6880336899371489,2.0286821849583356,1.3792384764625292
202301,7.0,8.708434641456329e-06,1.5086938483008336e-05,3.2359736721182037e-06,0.8708434641456329,1.5086938483008336,0.32359736721182036
202301,8.0,3.0237287110600436e-05,3.609791818149002e-05,2.4637338379060233e-05,3.0237287110600435,3.609791818149002,2.463733837906023
202302,1.0,1.7981083899737475e-05,2.1356764755236223e-05,1.4723073706651591e-05,1.7981083899737476,2.1356764755236224,1.472307370665159
202302,2.0,3.065079296155624e-05,4.333741427317739e-05,1.9332170181094105e-05,3.065079296155624,4.333741427317739,1.9332170181094104
202302,3.0,2.5113008538422903e-05,3.291256872918764e-05,1.790125666821811e-05,2.5113008538422905,3.2912568729187637,1.7901256668218108
202302,4.0,3.5643987849360584e-05,4.053341980462892e-05,3.097365690480247e-05,3.5643987849360586,4.053341980462892,3.0973656904802467
202302,5.0,2.7383210606762158e-05,2.5781967060958882e-05,2.8877808366863676e-05,2.7383210606762156,2.578196706095888,2.8877808366863675
202302,6.0,2.0095639165918438e-05,2.704909579944448e-05,1.3792384764625291e-05,2.0095639165918437,2.704909579944448,1.3792384764625292
202302,7.0,8.708434641456329e-06,1.1315203862256252e-05,6.471947344236407e-06,0.8708434641456329,1.1315203862256251,0.6471947344236407
202302,8.0,2.2677965332950328e-05,2.0627381817994296e-05,2.4637338379060233e-05,2.2677965332950327,2.0627381817994297,2.463733837906023
202303,1.0,2.6971625849606216e-05,4.2713529510472445e-05,1.1778458965321272e-05,2.697162584960622,4.271352951047245,1.1778458965321272
202303,2.0,3.065079296155624e-05,3.7920237489030214e-05,2.4165212726367632e-05,3.065079296155624,3.7920237489030213,2.4165212726367633
202303,3.0,2.790334282046989e-05,3.291256872918764e-05,2.3271633668683543e-05,2.790334282046989,3.2912568729187637,2.3271633668683545
202303,4.0,2.772310166061379e-05,3.2426735843703133e-05,2.323024267860185e-05,2.772310166061379,3.2426735843703134,2.323024267860185
202303,5.0,1.7425679477030464e-05,3.093836047315066e-05,4.812968061143946e-06,1.7425679477030465,3.0938360473150657,0.4812968061143946
202303,6.0,1.7684162466008226e-05,1.859625336211808e-05,1.6857359156764247e-05,1.7684162466008226,1.8596253362118078,1.6857359156764247
202303,7.0,2.2641930067786454e-05,3.0173876966016672e-05,1.617986836059102e-05,2.2641930067786453,3.0173876966016673,1.6179868360591019
202303,8.0,3.0237287110600436e-05,5.156845454498574e-05,9.854935351624093e-06,3.0237287110600435,5.1568454544985745,0.9854935351624093
202304,1.0,2.6971625849606216e-05,2.745869754244657e-05,2.650153267197286e-05,2.697162584960622,2.7458697542446573,2.650153267197286
202304,2.0,1.532539648077812e-05,2.1668707136588695e-05,9.666085090547052e-06,1.532539648077812,2.1668707136588696,0.9666085090547052
202304,3.0,1.8602228546979928e-05,1.742430109192287e-05,1.9691382335039918e-05,1.8602228546979929,1.742430109192287,1.9691382335039918
202304,4.0,2.376265856624039e-05,3.2426735843703133e-05,1.5486828452401234e-05,2.376265856624039,3.2426735843703134,1.5486828452401233
202304,5.0,1.2446913912164617e-05,2.5781967060958882e-05,0.0,1.2446913912164617,2.578196706095888,0.0
202304,6.0,1.8487988032644965e-05,1.859625336211808e-05,1.8389846352833723e-05,1.8487988032644964,1.8596253362118078,1.8389846352833723
202304,7.0,1.9158556211203924e-05,3.394561158676876e-05,6.471947344236407e-06,1.9158556211203925,3.3945611586768756,0.6471947344236407
202304,8.0,2.7717513184717068e-05,2.578422727249287e-05,2.956480605487228e-05,2.771751318471707,2.5784227272492872,2.956480605487228
202305,1.0,1.7981083899737475e-05,1.8305798361631045e-05,1.766768844798191e-05,1.7981083899737476,1.8305798361631045,1.766768844798191
202305,2.0,3.065079296155624e-05,4.8754591057324565e-05,1.4499127635820578e-05,3.065079296155624,4.875459105732457,1.4499127635820577
202305,3.0,2.5113008538422903e-05,2.710446836521335e-05,2.3271633668683543e-05,2.5113008538422905,2.710446836521335,2.3271633668683545
202305,4.0,3.168354475498719e-05,4.86401037655547e-05,1.5486828452401234e-05,3.168354475498719,4.86401037655547,1.5486828452401233
202305,5.0,2.240444504189631e-05,2.0625573648767106e-05,2.406484030571973e-05,2.240444504189631,2.0625573648767106,2.406484030571973
202305,6.0,2.0095639165918438e-05,3.043023277437504e-05,1.0727410372486337e-05,2.0095639165918437,3.043023277437504,1.0727410372486337
202305,7.0,2.6125303924368987e-05,3.771734620752084e-05,1.617986836059102e-05,2.6125303924368986,3.771734620752084,1.6179868360591019
202305,8.0,5.039547851766739e-05,4.125476363598859e-05,5.912961210974456e-05,5.03954785176674,4.125476363598859,5.912961210974456
202306,1.0,2.39747785329833e-05,3.0509663936051745e-05,1.766768844798191e-05,2.39747785329833,3.0509663936051745,1.766768844798191
202306,2.0,2.2988094721167183e-05,4.333741427317739e-05,4.833042545273526e-06,2.2988094721167185,4.333741427317739,0.4833042545273526
202306,3.0,2.1392562829026916e-05,3.0976535274529544e-05,1.2530879667752676e-05,2.1392562829026915,3.0976535274529544,1.2530879667752677
202306,4.0,1.1881329283120195e-05,1.6213367921851567e-05,7.743414226200617e-06,1.1881329283120194,1.6213367921851567,0.7743414226200617
202306,5.0,2.4893827824329235e-05,3.6094753885342435e-05,1.4438904183431838e-05,2.4893827824329233,3.6094753885342437,1.4438904183431838
202306,6.0,1.3665034632824539e-05,1.859625336211808e-05,9.194923176416861e-06,1.366503463282454,1.8596253362118078,0.9194923176416862
202306,7.0,2.2641930067786454e-05,3.771734620752084e-05,9.70792101635461e-06,2.2641930067786453,3.771734620752084,0.970792101635461
202306,8.0,4.031638281413391e-05,5.672529999948432e-05,2.4637338379060233e-05,4.031638281413391,5.6725299999484315,2.463733837906023
202307,1.0,2.2476354874671844e-05,2.4407731148841397e-05,2.0612303189312227e-05,2.2476354874671842,2.4407731148841396,2.061230318931223
202307,2.0,7.66269824038906e-06,1.0834353568294347e-05,4.833042545273526e-06,0.766269824038906,1.0834353568294348,0.4833042545273526
202307,3.0,2.60431199657719e-05,3.484860218384574e-05,1.790125666821811e-05,2.60431199657719,3.484860218384574,1.7901256668218108
202307,4.0,3.168354475498719e-05,4.86401037655547e-05,1.5486828452401234e-05,3.168354475498719,4.86401037655547,1.5486828452401233
202307,5.0,1.493629669459754e-05,2.0625573648767106e-05,9.625936122287892e-06,1.4936296694597542,2.0625573648767106,0.9625936122287893
202307,6.0,1.92918135992817e-05,3.550193823677088e-05,4.597461588208431e-06,1.9291813599281702,3.550193823677088,0.4597461588208431
202307,7.0,1.3933495426330127e-05,3.771734620752084e-06,2.2651815704827425e-05,1.3933495426330127,0.3771734620752084,2.2651815704827425
202307,8.0,3.5276834962367176e-05,3.094107272699144e-05,3.941974140649637e-05,3.5276834962367176,3.0941072726991443,3.9419741406496374
202308,1.0,3.146689682454058e-05,3.966256311686727e-05,2.3556917930642544e-05,3.146689682454058,3.966256311686727,2.3556917930642545
202308,2.0,7.66269824038906e-06,5.417176784147174e-06,9.666085090547052e-06,0.766269824038906,0.5417176784147174,0.9666085090547052
202308,3.0,2.046245140167792e-05,2.5168434910555256e-05,1.6111131001396297e-05,2.046245140167792,2.5168434910555257,1.6111131001396297
202308,4.0,3.5643987849360584e-05,4.86401037655547e-05,2.323024267860185e-05,3.5643987849360586,4.86401037655547,2.323024267860185
202308,5.0,2.4893827824329235e-05,4.125114729753421e-05,9.625936122287892e-06,2.4893827824329233,4.125114729753421,0.9625936122287893
202308,6.0,1.3665034632824539e-05,1.521511638718752e-05,1.2259897568555815e-05,1.366503463282454,1.521511638718752,1.2259897568555815
202308,7.0,1.0450121569747595e-05,1.885867310376042e-05,3.2359736721182037e-06,1.0450121569747595,1.885867310376042,0.32359736721182036
202308,8.0,2.5197739258833696e-05,1.547053636349572e-05,3.449227373068433e-05,2.51977392588337,1.5470536363495722,3.4492273730684326
202309,1.0,2.39747785329833e-05,2.1356764755236223e-05,2.650153267197286e-05,2.39747785329833,2.1356764755236224,2.650153267197286
202309,2.0,1.2771163733981768e-05,1.6251530352441523e-05,9.666085090547052e-06,1.2771163733981767,1.6251530352441523,0.9666085090547052
202309,3.0,2.4182897111073907e-05,2.9040501819871447e-05,1.9691382335039918e-05,2.418289711107391,2.9040501819871447,1.9691382335039918
202309,4.0,2.772310166061379e-05,3.2426735843703133e-05,2.323024267860185e-05,2.772310166061379,3.2426735843703134,2.323024267860185
202309,5.0,2.240444504189631e-05,2.0625573648767106e-05,2.406484030571973e-05,2.240444504189631,2.0625573648767106,2.406484030571973
202309,6.0,1.2057383499551063e-05,1.352454789972224e-05,1.0727410372486337e-05,1.2057383499551062,1.352454789972224,1.0727410372486337
202309,7.0,1.7416869282912658e-05,2.2630407724512503e-05,1.2943894688472815e-05,1.7416869282912657,2.2630407724512502,1.2943894688472815
202309,8.0,2.2677965332950328e-05,3.609791818149002e-05,9.854935351624093e-06,2.2677965332950327,3.609791818149002,0.9854935351624093
202310,1.0,2.9968473166229127e-05,3.661159672326209e-05,2.3556917930642544e-05,2.9968473166229126,3.661159672326209,2.3556917930642545
202310,2.0,1.0216930987185415e-05,2.1668707136588695e-05,0.0,1.0216930987185415,2.1668707136588696,0.0
202310,3.0,2.2322674256375915e-05,3.678463563850383e-05,8.950628334109055e-06,2.2322674256375916,3.678463563850383,0.8950628334109054
202310,4.0,1.5841772377493594e-05,2.432005188277735e-05,7.743414226200617e-06,1.5841772377493595,2.432005188277735,0.7743414226200617
202310,5.0,2.240444504189631e-05,3.093836047315066e-05,1.4438904183431838e-05,2.240444504189631,3.0938360473150657,1.4438904183431838
202310,6.0,1.7684162466008226e-05,1.859625336211808e-05,1.6857359156764247e-05,1.7684162466008226,1.8596253362118078,1.6857359156764247
202310,7.0,1.9158556211203924e-05,1.1315203862256252e-05,2.588778937694563e-05,1.9158556211203925,1.1315203862256251,2.588778937694563
202310,8.0,2.0158191407066957e-05,2.0627381817994296e-05,1.9709870703248187e-05,2.0158191407066957,2.0627381817994297,1.9709870703248187
202311,1.0,2.547320219129476e-05,2.745869754244657e-05,2.3556917930642544e-05,2.547320219129476,2.7458697542446573,2.3556917930642545
202311,2.0,2.2988094721167183e-05,3.7920237489030214e-05,9.666085090547052e-06,2.2988094721167185,3.7920237489030213,0.9666085090547052
202311,3.0,1.9532339974328924e-05,2.5168434910555256e-05,1.4321005334574486e-05,1.9532339974328923,2.5168434910555257,1.4321005334574486
202311,4.0,1.9802215471866994e-05,4.053341980462892e-05,0.0,1.9802215471866993,4.053341980462892,0.0
202311,5.0,1.2446913912164617e-05,2.0625573648767106e-05,4.812968061143946e-06,1.2446913912164617,2.0625573648767106,0.4812968061143946
202311,6.0,1.2861209066187801e-05,1.352454789972224e-05,1.2259897568555815e-05,1.2861209066187802,1.352454789972224,1.2259897568555815
202311,7.0,1.219180849803886e-05,1.1315203862256252e-05,1.2943894688472815e-05,1.219180849803886,1.1315203862256251,1.2943894688472815
202311,8.0,2.0158191407066957e-05,2.0627381817994296e-05,1.9709870703248187e-05,2.0158191407066957,2.0627381817994297,1.9709870703248187
202312,1.0,2.6971625849606216e-05,3.661159672326209e-05,1.766768844798191e-05,2.697162584960622,3.661159672326209,1.766768844798191
202312,2.0,2.043386197437083e-05,2.708588392073587e-05,1.4499127635820578e-05,2.043386197437083,2.708588392073587,1.4499127635820577
202312,3.0,2.046245140167792e-05,1.9360334546580963e-05,2.148150800186173e-05,2.046245140167792,1.9360334546580964,2.148150800186173
202312,4.0,4.3564874038107385e-05,4.053341980462892e-05,4.64604853572037e-05,4.356487403810738,4.053341980462892,4.64604853572037
202312,5.0,1.2446913912164617e-05,2.0625573648767106e-05,4.812968061143946e-06,1.2446913912164617,2.0625573648767106,0.4812968061143946
202312,6.0,1.5272685766098013e-05,1.859625336211808e-05,1.2259897568555815e-05,1.5272685766098013,1.8596253362118078,1.2259897568555815
202312,7.0,1.219180849803886e-05,1.5086938483008336e-05,9.70792101635461e-06,1.219180849803886,1.5086938483008336,0.970792101635461
202312,8.0,1.7638417481183588e-05,2.0627381817994296e-05,1.478240302743614e-05,1.7638417481183588,2.0627381817994297,1.478240302743614
202401,1.0,1.779731527499077e-05,2.4151599590630387e-05,1.1661195622387164e-05,1.7797315274990768,2.415159959063039,1.1661195622387164
202401,2.0,3.0620056136769585e-05,4.332333286399723e-05,1.9301106918481776e-05,3.0620056136769587,4.332333286399723,1.9301106918481776
202401,3.0,3.244059894614397e-05,4.24426108379136e-05,2.3191591085865975e-05,3.2440598946143973,4.24426108379136,2.3191591085865975
202401,4.0,1.1892397586636117e-05,8.112142254526575e-06,1.5505077913016514e-05,1.1892397586636116,0.8112142254526575,1.5505077913016514
202401,5.0,2.986790917168821e-05,5.158574582671316e-05,9.619223055353819e-06,2.986790917168821,5.158574582671316,0.9619223055353819
202401,6.0,1.5241016623938342e-05,1.684397760424738e-05,1.3783555299623863e-05,1.5241016623938342,1.684397760424738,1.3783555299623862
202401,7.0,1.3930972033573643e-05,1.8843534594845164e-05,9.711346413437914e-06,1.3930972033573643,1.8843534594845164,0.9711346413437913
202401,8.0,4.4964815032237276e-05,6.136098668466589e-05,2.9304172425750553e-05,4.496481503223728,6.136098668466589,2.9304172425750554
202402,1.0,3.1145301731233844e-05,3.320844943711678e-05,2.915298905596791e-05,3.1145301731233843,3.320844943711678,2.915298905596791
202402,2.0,5.1033426894615975e-06,1.0830833215999307e-05,0.0,0.5103342689461597,1.0830833215999307,0.0
202402,3.0,1.2049365322853475e-05,1.350446708479069e-05,1.070381127039968e-05,1.2049365322853476,1.350446708479069,1.0703811270399681
202402,4.0,4.756959034654447e-05,8.112142254526576e-05,1.5505077913016514e-05,4.756959034654447,8.112142254526576,1.5505077913016514
202402,5.0,2.2400931878766158e-05,2.579287291335658e-05,1.9238446110707638e-05,2.240093187876616,2.579287291335658,1.9238446110707639
202402,6.0,9.625905236171586e-06,1.1790784322973165e-05,7.657530722013257e-06,0.9625905236171586,1.1790784322973165,0.7657530722013257
202402,7.0,1.2189600529376938e-05,2.638094843278323e-05,0.0,1.2189600529376938,2.638094843278323,0.0
202402,8.0,9.99218111827495e-06,1.0226831114110981e-05,9.768057475250184e-06,0.999218111827495,1.0226831114110981,0.9768057475250185
202403,1.0,3.4111520943732304e-05,3.622739938594558e-05,3.20682879615647e-05,3.4111520943732305,3.622739938594558,3.20682879615647
202403,2.0,2.041337075784639e-05,3.249249964799792e-05,9.650553459240888e-06,2.041337075784639,3.2492499647997923,0.9650553459240888
202403,3.0,2.3171856390102837e-05,2.8938143753122907e-05,1.7839685450666133e-05,2.3171856390102836,2.8938143753122905,1.7839685450666134
202403,4.0,1.585653011551482e-05,3.24485690181063e-05,0.0,1.5856530115514822,3.24485690181063,0.0
202403,5.0,4.231287132655829e-05,4.126859666137053e-05,4.328650374909219e-05,4.2312871326558295,4.126859666137053,4.328650374909219
202403,6.0,2.246044555106703e-05,2.189717088552159e-05,2.297259216603977e-05,2.246044555106703,2.1897170885521593,2.2972592166039774
202403,7.0,1.0448229025180232e-05,2.2612241513814196e-05,0.0,1.0448229025180231,2.2612241513814197,0.0
202403,8.0,2.4980452795687373e-05,2.5567077785277454e-05,2.442014368812546e-05,2.4980452795687373,2.5567077785277452,2.442014368812546
202404,1.0,2.2246644093738458e-05,2.113264964180159e-05,2.332239124477433e-05,2.2246644093738457,2.113264964180159,2.3322391244774328
202404,2.0,7.655014034192396e-06,1.624624982399896e-05,0.0,0.7655014034192397,1.6246249823998962,0.0
202404,3.0,2.409873064570695e-05,3.472577250374749e-05,1.4271748360532907e-05,2.409873064570695,3.472577250374749,1.4271748360532908
202404,4.0,1.585653011551482e-05,8.112142254526575e-06,2.3257616869524768e-05,1.5856530115514822,0.8112142254526575,2.3257616869524766
202404,5.0,2.4889924309740175e-05,2.0634298330685265e-05,2.8857669166061458e-05,2.4889924309740175,2.0634298330685263,2.885766916606146
202404,6.0,1.1230222775533515e-05,1.3475182083397902e-05,9.189036866415909e-06,1.1230222775533516,1.34751820833979,0.9189036866415908
202404,7.0,1.3930972033573643e-05,1.507482767587613e-05,1.2948461884583884e-05,1.3930972033573643,1.507482767587613,1.2948461884583884
202404,8.0,1.4988271677412425e-05,1.5340246671166473e-05,1.4652086212875277e-05,1.4988271677412426,1.5340246671166473,1.4652086212875277
202405,1.0,2.669597291248615e-05,2.7170549539459185e-05,2.6237690150371117e-05,2.669597291248615,2.7170549539459183,2.623769015037112
202405,2.0,1.2758356723653994e-05,1.624624982399896e-05,9.650553459240888e-06,1.2758356723653994,1.6246249823998962,0.9650553459240888
202405,3.0,1.575686234526993e-05,1.7362886251873745e-05,1.4271748360532907e-05,1.5756862345269929,1.7362886251873746,1.4271748360532908
202405,4.0,2.7748927702150938e-05,1.622428450905315e-05,3.876269478254128e-05,2.774892770215094,1.622428450905315,3.876269478254128
202405,5.0,1.742294701681812e-05,2.0634298330685265e-05,1.4428834583030729e-05,1.7422947016818122,2.0634298330685263,1.442883458303073
202405,6.0,1.3636699084576413e-05,1.515957984382264e-05,1.2252049155221211e-05,1.3636699084576414,1.5159579843822641,1.2252049155221212
202405,7.0,1.7413715041967054e-05,3.014965535175226e-05,6.474230942291942e-06,1.7413715041967053,3.014965535175226,0.6474230942291942
202405,8.0,2.7478498075256112e-05,3.579390889938844e-05,1.953611495050037e-05,2.7478498075256113,3.579390889938844,1.953611495050037
202406,1.0,2.669597291248615e-05,3.0189499488287982e-05,2.332239124477433e-05,2.669597291248615,3.0189499488287983,2.3322391244774328
202406,2.0,2.2965042102577187e-05,2.1661666431998614e-05,2.4126383648102218e-05,2.296504210257719,2.1661666431998614,2.412638364810222
202406,3.0,2.3171856390102837e-05,3.086735333666443e-05,1.605571690559952e-05,2.3171856390102836,3.0867353336664434,1.605571690559952
202406,4.0,1.585653011551482e-05,1.622428450905315e-05,1.5505077913016514e-05,1.5856530115514822,1.622428450905315,1.5505077913016514
202406,5.0,1.9911939447792138e-05,2.0634298330685265e-05,1.9238446110707638e-05,1.9911939447792137,2.0634298330685263,1.9238446110707639
202406,6.0,1.925181047234317e-05,3.031915968764528e-05,9.189036866415909e-06,1.9251810472343172,3.0319159687645283,0.9189036866415908
202406,7.0,1.3930972033573643e-05,2.2612241513814196e-05,6.474230942291942e-06,1.3930972033573643,2.2612241513814197,0.6474230942291942
202406,8.0,2.2482407516118638e-05,3.579390889938844e-05,9.768057475250184e-06,2.248240751611864,3.579390889938844,0.9768057475250185
202407,1.0,3.7077740156230763e-05,4.5284249232431977e-05,2.915298905596791e-05,3.7077740156230763,4.528424923243198,2.915298905596791
202407,2.0,2.5516713447307987e-05,4.332333286399723e-05,9.650553459240888e-06,2.551671344730799,4.332333286399723,0.9650553459240888
202407,3.0,2.131810787889461e-05,1.929209583541527e-05,2.3191591085865975e-05,2.131810787889461,1.929209583541527,2.3191591085865975
202407,4.0,3.171306023102964e-05,3.24485690181063e-05,3.101015582603303e-05,3.1713060231029644,3.24485690181063,3.101015582603303
202407,5.0,3.2356901602662225e-05,5.158574582671316e-05,1.4428834583030729e-05,3.2356901602662225,5.158574582671316,1.442883458303073
202407,6.0,2.4866921860109928e-05,2.6950364166795804e-05,2.297259216603977e-05,2.486692186010993,2.69503641667958,2.2972592166039774
202407,7.0,2.612057256295058e-05,4.899318994659742e-05,6.474230942291942e-06,2.612057256295058,4.899318994659742,0.6474230942291942
202407,8.0,2.4980452795687373e-05,4.6020740013499416e-05,4.884028737625092e-06,2.4980452795687373,4.6020740013499415,0.48840287376250924
202408,1.0,7.4155480312461535e-06,6.037899897657597e-06,8.745896716790372e-06,0.7415548031246153,0.6037899897657597,0.8745896716790372
202408,2.0,2.041337075784639e-05,2.7077083039998267e-05,1.4475830188861332e-05,2.041337075784639,2.707708303999827,1.4475830188861332
202408,3.0,1.946435936768638e-05,3.472577250374749e-05,5.35190563519984e-06,1.9464359367686381,3.472577250374749,0.5351905635199841
202408,4.0,2.7748927702150938e-05,4.056071127263288e-05,1.5505077913016514e-05,2.774892770215094,4.056071127263288,1.5505077913016514
202408,5.0,2.2400931878766158e-05,3.09514474960279e-05,1.4428834583030729e-05,2.240093187876616,3.09514474960279,1.442883458303073
202408,6.0,1.6845334163300274e-05,2.8634761927220542e-05,6.126024577610606e-06,1.6845334163300274,2.8634761927220542,0.6126024577610606
202408,7.0,1.3930972033573643e-05,2.638094843278323e-05,3.237115471145971e-06,1.3930972033573643,2.638094843278323,0.3237115471145971
202408,8.0,1.7486316956981164e-05,3.579390889938844e-05,0.0,1.7486316956981165,3.579390889938844,0.0
202409,1.0,2.817908251873538e-05,2.4151599590630387e-05,3.20682879615647e-05,2.817908251873538,2.415159959063039,3.20682879615647
202409,2.0,2.2965042102577187e-05,4.332333286399723e-05,4.825276729620444e-06,2.296504210257719,4.332333286399723,0.4825276729620444
202409,3.0,1.946435936768638e-05,2.3150515002498326e-05,1.605571690559952e-05,1.9464359367686381,2.3150515002498326,1.605571690559952
202409,4.0,2.3784795173272234e-05,1.622428450905315e-05,3.101015582603303e-05,2.3784795173272233,1.622428450905315,3.101015582603303
202409,5.0,1.9911939447792138e-05,3.611002207869921e-05,4.809611527676909e-06,1.9911939447792137,3.6110022078699213,0.48096115276769097
202409,6.0,2.08561280117051e-05,2.6950364166795804e-05,1.5315061444026514e-05,2.0856128011705097,2.69503641667958,1.5315061444026514
202409,7.0,1.567234353777035e-05,2.2612241513814196e-05,9.711346413437914e-06,1.567234353777035,2.2612241513814197,0.9711346413437913
202409,8.0,9.99218111827495e-06,1.0226831114110981e-05,9.768057475250184e-06,0.999218111827495,1.0226831114110981,0.9768057475250185
202410,1.0,3.262841133748308e-05,4.8303199181260774e-05,1.7491793433580745e-05,3.262841133748308,4.830319918126078,1.7491793433580745
202410,2.0,2.041337075784639e-05,2.7077083039998267e-05,1.4475830188861332e-05,2.041337075784639,2.707708303999827,1.4475830188861332
202410,3.0,2.3171856390102837e-05,3.665498208728902e-05,1.070381127039968e-05,2.3171856390102836,3.665498208728902,1.0703811270399681
202410,4.0,3.171306023102964e-05,5.678499578168603e-05,7.752538956508257e-06,3.1713060231029644,5.678499578168603,0.7752538956508257
202410,5.0,2.986790917168821e-05,4.642717124404185e-05,1.4428834583030729e-05,2.986790917168821,4.642717124404185,1.442883458303073
202410,6.0,1.2032381545214481e-05,1.3475182083397902e-05,1.072054301081856e-05,1.2032381545214481,1.34751820833979,1.072054301081856
202410,7.0,1.915508654616376e-05,3.391836227072129e-05,6.474230942291942e-06,1.9155086546163758,3.391836227072129,0.6474230942291942
202410,8.0,2.2482407516118638e-05,2.5567077785277454e-05,1.953611495050037e-05,2.248240751611864,2.5567077785277452,1.953611495050037
202411,1.0,3.262841133748308e-05,4.226529928360318e-05,2.332239124477433e-05,3.262841133748308,4.226529928360318,2.3322391244774328
202411,2.0,2.5516713447307987e-05,3.249249964799792e-05,1.9301106918481776e-05,2.551671344730799,3.2492499647997923,1.9301106918481776
202411,3.0,2.131810787889461e-05,3.279656292020596e-05,1.070381127039968e-05,2.131810787889461,3.2796562920205963,1.0703811270399681
202411,4.0,1.9820662644393526e-05,2.4336426763579725e-05,1.5505077913016514e-05,1.9820662644393525,2.4336426763579726,1.5505077913016514
202411,5.0,2.986790917168821e-05,3.09514474960279e-05,2.8857669166061458e-05,2.986790917168821,3.09514474960279,2.885766916606146
202411,6.0,1.6043175393619308e-05,2.0212773125096853e-05,1.2252049155221211e-05,1.6043175393619309,2.0212773125096852,1.2252049155221212
202411,7.0,2.2637829554557168e-05,4.1455776108659356e-05,6.474230942291942e-06,2.2637829554557167,4.145577610865936,0.6474230942291942
202411,8.0,1.2490226397843687e-05,5.1134155570554904e-06,1.953611495050037e-05,1.2490226397843687,0.5113415557055491,1.953611495050037
202412,1.0,2.817908251873538e-05,3.0189499488287982e-05,2.6237690150371117e-05,2.817908251873538,3.0189499488287983,2.623769015037112
202412,2.0,1.786169941311559e-05,2.7077083039998267e-05,9.650553459240888e-06,1.786169941311559,2.707708303999827,0.9650553459240888
202412,3.0,2.409873064570695e-05,2.8938143753122907e-05,1.9623653995732747e-05,2.409873064570695,2.8938143753122905,1.9623653995732746
202412,4.0,4.360545781766576e-05,6.48971380362126e-05,2.3257616869524768e-05,4.360545781766576,6.48971380362126,2.3257616869524766
202412,5.0,2.2400931878766158e-05,2.579287291335658e-05,1.9238446110707638e-05,2.240093187876616,2.579287291335658,1.9238446110707639
202412,6.0,2.0053969242024137e-05,3.2003557448070016e-05,9.189036866415909e-06,2.005396924202414,3.2003557448070015,0.9189036866415908
202412,7.0,1.915508654616376e-05,3.014965535175226e-05,9.711346413437914e-06,1.9155086546163758,3.014965535175226,0.9711346413437913
202412,8.0,2.2482407516118638e-05,2.5567077785277454e-05,1.953611495050037e-05,2.248240751611864,2.5567077785277452,1.953611495050037
